"x1","x2","yclass"
-12.3047017038428,3.49923961213067,"1"
-21.3029000052973,17.9837943263916,"1"
-6.32025404970448,29.6390917001913,"1"
2.25977542245153,26.2271553998776,"1"
-14.777150091864,19.5366149094338,"1"
-11.3471387532335,-9.87476225824053,"1"
-28.1293122238787,15.0269495916553,"1"
-7.66244034917809,7.40394677462472,"1"
-14.6128284232744,30.1447835819278,"1"
-25.559933236151,20.2647297758128,"1"
2.1866468216957,41.9886136586742,"1"
-26.8952593865558,14.0344995486736,"1"
-8.59608256510474,11.475732286292,"1"
-18.8341862856564,23.573933134332,"1"
-21.1659173040024,31.8730527462412,"1"
-14.6476398657349,14.0199509157577,"1"
1.85829803430883,30.0855403553441,"1"
-26.1884471743072,16.7263001393913,"1"
-18.1652253669674,33.4180518060149,"1"
6.77259271196756,19.6051748663817,"1"
-10.1446078024979,21.3841216845188,"1"
-29.413260085569,6.49994516204662,"1"
4.7511690688532,9.11865528115291,"1"
-27.3138560820377,22.6701761677612,"1"
-13.5646529889354,13.2229970205418,"1"
-27.2033888690497,22.0172887228891,"1"
-15.9257829735018,41.299904143086,"1"
7.95678057406385,0.279731579866088,"1"
-1.69263887057131,25.4416037329683,"1"
-21.2731965688596,24.3867938369508,"1"
-22.4287573321972,6.946292381605,"1"
-10.8353739719085,36.0360287223109,"1"
-27.6005523220334,15.87228235825,"1"
-26.4419866563408,20.8347433137511,"1"
-4.52521364855383,7.99555703881171,"1"
-17.557567877135,3.99770218530081,"1"
-9.70189118326413,36.9223628210677,"1"
0.109650791978989,39.1619175040021,"1"
-18.0492684779028,33.7686372860502,"1"
-32.2476962098123,24.6835327553164,"1"
-25.0780933759057,19.0048396431213,"1"
-20.6076188622057,16.9078628147981,"1"
-20.5594700858445,26.1295023490338,"1"
-18.1082416302589,15.5125117614533,"1"
-14.0063567218039,16.996240464318,"1"
-23.9841859962086,19.584881175292,"1"
-19.3294495322915,28.9203928985756,"1"
1.59144243834042,35.2813016634548,"1"
-16.5773674565315,5.62509144007603,"1"
-14.9056345170423,33.9354909728083,"1"
-17.3947349474881,16.922750076365,"1"
-12.3055759208133,21.6817613031661,"1"
-22.9586278381569,43.5609600126136,"1"
-4.42849137885685,28.8049838835285,"1"
-28.5854081915696,15.855363514441,"1"
-6.35779992329726,23.0216375428121,"1"
-32.5667579618093,20.6333839300651,"1"
-33.0878225072828,25.6744719435993,"1"
-18.565735929899,9.6615475366823,"1"
-16.3879082014865,35.9553471502308,"1"
-15.4345756946552,20.8699906833222,"1"
-12.1148839356538,38.2582332469139,"1"
-28.3252426874533,40.5034010974308,"1"
-33.9086375285691,14.5670057945905,"1"
-21.2684193176426,16.0897149958016,"1"
-15.9169392503585,31.3860256241842,"1"
-20.2897947502655,36.3982763234073,"1"
-27.2230640731088,27.5124913819903,"1"
-26.2892590947539,24.4618814980347,"1"
-12.7590641419497,23.9826669402918,"1"
-22.2639385537461,28.5917599628235,"1"
-22.9273714140693,30.4307245217573,"1"
-18.7495299280764,23.370341469288,"1"
-24.6159877721623,9.73255670810953,"1"
-21.8145666700282,39.3565162846355,"1"
-25.6067152108571,21.7150247376816,"1"
-20.8958019634088,13.1689266749209,"1"
-7.79243825350531,39.2170466120111,"1"
-10.7859628964098,29.0284628523478,"1"
-6.62256931353618,28.7565920763489,"1"
6.86315327500803,7.67168481174679,"1"
-19.8145341071547,31.3642056803686,"1"
2.881288660403,32.3426819995575,"1"
-19.6160789218168,34.3080870787391,"1"
-35.0382182538715,43.9409068764588,"1"
-33.4501087228492,30.3545684760219,"1"
-4.93961281040281,26.6857843558799,"1"
-22.3747219598763,25.911034640508,"1"
-23.1755417692728,30.7845685862954,"1"
-27.2663866569227,18.3847863022717,"1"
-39.6107485317063,27.7468817555549,"1"
-15.9450970658236,14.6969533670987,"1"
-8.444831923683,34.0853871058019,"1"
-11.169188595959,12.6962978296758,"1"
-19.481103244886,32.7157653644012,"1"
-37.3669601837758,29.6351549167411,"1"
-10.7060532109645,23.7603368638523,"1"
-27.7741833240866,1.70728416910861,"1"
-26.7224640183421,13.9425215318208,"1"
-31.5272112222419,21.9374259679136,"1"
-30.3617153096418,24.5767789727237,"1"
-20.100454177091,17.8797532995775,"1"
-20.4622214346243,22.4465723079202,"1"
-31.116170708526,22.9723883325924,"1"
-22.0152450884318,11.7600471136809,"1"
-23.6107551482913,39.2074151093242,"1"
-22.8896240942731,23.7091587971399,"1"
-16.1910200974257,23.7590008267425,"1"
-25.3734107535896,20.7953364034588,"1"
-30.8917234286165,32.0144489473708,"1"
-28.204063212671,34.9623789991378,"1"
-30.4021627042126,29.3080900965416,"1"
-38.1042907682323,28.8965239532242,"1"
-10.9687784168797,19.4127524535178,"1"
-26.4420516184952,11.4916515504067,"1"
-16.1608157217192,35.2751367942762,"1"
-21.8503156128362,11.3663834680085,"1"
-16.4860597845921,21.2717841877396,"1"
-32.775064620612,25.3132572136028,"1"
-14.218079760982,29.9702361975252,"1"
-26.1455244832231,28.918238301383,"1"
-20.7749384875732,6.00202370147497,"1"
-24.8383379366974,23.0948031631284,"1"
-26.9789354565052,43.5911399625182,"1"
-30.3572735487395,19.023509546386,"1"
-24.5993357738237,7.3566479502412,"1"
-46.9835320641669,30.3924933394467,"1"
-14.2457177729833,49.4746228726954,"1"
-25.687647532349,18.6863580434851,"1"
-39.7075949644361,10.1174923260742,"1"
-21.6169053425178,17.0135052747897,"1"
-14.1047570088856,27.4492613917011,"1"
-33.0106363436792,16.9648647304873,"1"
-18.6722302247962,15.8747282805091,"1"
-12.2600454667195,38.8785896106314,"1"
-16.915445524595,7.13389836057192,"1"
-10.0869990152613,35.3032334733764,"1"
-13.486522188862,30.1297830812168,"1"
-23.9905929496958,10.6029776693888,"1"
-38.7665687221431,19.435444404666,"1"
-33.8309892032448,27.6128070022391,"1"
-18.0611602407049,38.7172815502062,"1"
-16.1022490664759,28.2942359248961,"1"
-10.809610383623,34.0737543019334,"1"
-16.9235486141322,17.0388504331809,"1"
-37.9523267600354,19.1462543456012,"1"
-23.1645878641711,18.2566187932876,"1"
-42.2306760723239,19.9060483523521,"1"
-14.5556793143557,22.530917069853,"1"
-22.1652695040659,20.9128411577373,"1"
-19.1219493325631,14.3756912851736,"1"
-29.8479913138093,34.1453119270285,"1"
-41.625223525232,17.2686148216336,"1"
-14.1928039841073,29.3956864309257,"1"
-36.0027273001666,19.3229653932663,"1"
-27.2290224965835,35.8201366948085,"1"
-36.2749403957306,9.28732349134363,"1"
-26.7567439394841,23.7525252950442,"1"
-41.8860474672879,8.43659666783096,"1"
-39.0812096026001,17.3673628169914,"1"
-16.3819949968398,20.8059807950753,"1"
-20.0276960636624,19.9950954433171,"1"
-20.4684477204422,13.5633806207087,"1"
-20.0916993856366,10.6877475054496,"1"
-7.46072229006283,16.5090806859971,"1"
-15.8032126253136,32.0114602079623,"1"
-21.9685328983417,20.1559921649173,"1"
-33.629705118008,16.9518464114158,"1"
-32.0830008399892,15.4644736999071,"1"
-26.7007327246679,18.3949234330753,"1"
-14.5982705056009,13.2293731610136,"1"
-44.0307389821647,21.953903084044,"1"
-16.9894611235326,10.3391516860104,"1"
-25.9211188497749,16.8380107549724,"1"
-22.9248223028012,29.8529320812012,"1"
-16.1488914591322,13.0373831321288,"1"
-42.0244696155646,14.9072444637519,"1"
-23.6391547192153,34.6068237393757,"1"
-13.2092173647448,29.1141355026486,"1"
-21.1570912585804,26.8413353973087,"1"
-24.6418578280341,13.8699762665041,"1"
-15.6535985302063,17.5178367687769,"1"
-26.1867791544238,15.4510429269906,"1"
-36.2646575679583,31.2343443068692,"1"
-20.8056932306822,9.83739070979051,"1"
-24.4579210206429,8.30114097213098,"1"
-25.840833906938,19.0962292904985,"1"
-23.9053189683543,17.2450460934042,"1"
-35.0347500009484,24.7893785262145,"1"
-27.7607028407392,14.5003648510589,"1"
-13.6085348159636,16.3538037931483,"1"
-25.2995854230394,10.7343720613504,"1"
-11.5035324370446,7.64806565068174,"1"
-20.8346278452291,29.7734696677094,"1"
-31.8051497185646,20.8118691951087,"1"
-47.4312857114354,16.3006221069589,"1"
-16.9058476249735,14.9972078086828,"1"
-29.2700260059768,21.1846145681545,"1"
-30.3380921690367,46.4879354680288,"1"
-18.4673543716966,21.6431791022648,"1"
-10.4467642279357,14.3846726884181,"1"
-32.2203731667296,-9.42838913287353,"1"
-25.1559534092506,13.4493069149679,"1"
-29.3723140641565,15.3407730118537,"1"
-33.7367041800592,18.6844669786317,"1"
-30.9702575826106,28.6161141463727,"1"
-19.2757024404689,25.4476251798267,"1"
-9.63112935305802,29.9122969946828,"1"
-48.9399391676405,21.59026377266,"1"
-38.8246468970587,13.5747134632195,"1"
-28.2838835271299,18.654743618405,"1"
-19.0730092031905,24.4322774621064,"1"
-27.118719650286,11.8950317738788,"1"
-10.7048232476124,22.526512221765,"1"
-21.5644668341442,6.9433916346117,"1"
-33.5827889714778,7.18634712012357,"1"
-34.0321216838071,10.9001224108084,"1"
-18.4300800635734,30.0284658560016,"1"
-20.5620423146355,18.744904336387,"1"
-22.3731938464412,13.3373218583996,"1"
-27.9905598497551,32.8049051070797,"1"
-23.6738710313167,12.4971521686129,"1"
-30.6906856784932,4.90662468189996,"1"
-9.1087974997505,18.5628905385083,"1"
-36.7661379949586,16.7650146704727,"1"
-28.0796723948937,14.0186077728814,"1"
-28.3367216050349,10.8675069091196,"1"
-3.06687381691358,23.7927894390955,"1"
-34.1852612474537,12.718171530884,"1"
-15.9572358887594,20.3625209516876,"1"
-22.6302751014231,12.6545769871715,"1"
-27.6314437182058,22.5149691405494,"1"
-18.1440720173478,29.338809506129,"1"
-21.8759727834152,8.06052353208884,"1"
-22.5100552755624,17.7621809788845,"1"
-28.712897893011,17.2003197305861,"1"
-13.7364162363537,0.38325185920699,"1"
-22.2555932574684,-1.78496482978786,"1"
-23.6510696699256,13.7636718820305,"1"
-11.0502767432318,39.4650514755281,"1"
-52.7360968494939,27.5154580735111,"1"
-20.5045705724882,18.7413985961347,"1"
-24.4325679253226,7.21399419924566,"1"
-10.542736686408,2.60193548696381,"1"
-26.6222403918712,18.988011988588,"1"
-24.5727407364075,38.6230444018782,"1"
-25.6441451321115,7.06059328097786,"1"
-18.0843409735672,2.95328994237351,"1"
-36.5813531958762,23.8464259874131,"1"
-28.4230762063917,32.0584926039797,"1"
-27.2653408705696,21.4642748047848,"1"
-38.4021048059344,11.8667010973948,"1"
-16.3391326018897,10.798017694881,"1"
-23.5545132598786,15.2544930780315,"1"
-4.95524663524709,4.10735268313743,"1"
-25.5043910515408,12.1519793827602,"1"
-3.89005050356258,11.3872362424897,"1"
-0.357894893072078,34.450770224097,"1"
-45.6033039451764,19.3151008340586,"1"
-22.4882726523952,26.1196152343462,"1"
-23.1739153502743,4.08059565317492,"1"
-8.60079669948006,8.43330213830277,"1"
-18.7806122526657,14.8519383752408,"1"
-10.8644659501352,17.9423760242551,"1"
-9.2680533101194,9.81821302545629,"1"
-36.6026378567113,7.00551093471623,"1"
-28.0010493815455,-3.00933472591567,"1"
-22.4499612963121,6.33119942491177,"1"
-17.9197509601694,5.60985077902472,"1"
-19.3585002007984,29.2586875857757,"1"
-35.4547987751842,6.88570478479545,"1"
-5.20554895137343,16.2618104532905,"1"
-19.7746675750039,20.095603296876,"1"
-30.1543901788276,13.6037283038201,"1"
-5.37970014588008,-0.93644318467155,"1"
-25.831797452564,21.9810750165542,"1"
-2.44479046105549,25.7254182328116,"1"
-11.6741119418971,9.73941686324116,"1"
-21.4834094150405,13.8801217548764,"1"
-34.4947541697175,14.6562261875963,"1"
-11.5643424879876,19.2088320198749,"1"
-31.0895915071689,18.0981423823169,"1"
-7.89687557208162,6.67964027652291,"1"
-13.8726896668602,-34.044923079186,"1"
-6.97853352977773,-2.23926276196305,"1"
-29.5496725260108,18.9729124220502,"1"
-25.3878158617081,19.5426765141346,"1"
-23.03165335366,5.83331847098173,"1"
-24.2610030752385,11.4429061082735,"1"
-11.1409515793248,16.3389984276976,"1"
-19.7889136775408,7.14091509993672,"1"
-28.2173214190627,-9.86268150321362,"1"
-22.4389072514902,10.696126111791,"1"
-26.9966125232661,15.0248589268155,"1"
-18.559312870492,24.8782127735207,"1"
-23.6421054078962,13.8231450394011,"1"
-17.8965745325377,22.8799990741526,"1"
-12.5660986317432,5.43270152766651,"1"
-21.6995988583138,31.9149542511604,"1"
-25.189427845972,36.456584753463,"1"
-13.2630916573877,6.42918937836853,"1"
-17.7508350656456,34.5215040884804,"1"
-30.1079755049154,32.4569454095455,"1"
-9.99492139808305,23.6358167337848,"1"
-25.546977742466,7.01494763474695,"1"
-22.7644573069331,18.0507902561428,"1"
-21.717014691924,26.350260623958,"1"
-27.5366925142146,-12.9204788545016,"1"
-15.8535748243732,11.9747058306527,"1"
-24.6333129142175,6.39493968327025,"1"
-34.6148984573091,23.9179653887193,"1"
-30.6955754060854,8.53078282211581,"1"
-8.58889992415228,7.74545936487235,"1"
-13.3583517954772,24.2619684731973,"1"
-28.0762724995633,15.5782936107839,"1"
-12.1888269567539,23.1202974227302,"1"
-22.1601387301652,8.88081116143113,"1"
-8.63237755801918,20.2535844677388,"1"
-21.3501128725415,14.9191486788084,"1"
-18.8531574014216,-5.00561252620879,"1"
-21.9751408381483,19.6743868877369,"1"
-4.16251079408826,22.0139723562716,"1"
-22.656028157521,24.8168993328454,"1"
-15.7881254202035,17.7082347939265,"1"
-16.9762558961554,25.5518318066257,"1"
-22.2466262816912,-2.34095800184116,"1"
-0.442650580396883,26.3272017061493,"1"
-2.61193428179673,19.6986444956396,"1"
-12.2754542653154,14.5389731081933,"1"
-7.50069465937651,8.79436657582223,"1"
-4.6736146504551,25.4002049579041,"1"
-4.39773114662312,11.3904551332645,"1"
-30.8769354120363,4.79041837269607,"1"
-10.7323768738132,30.472046771315,"1"
-5.00354643566013,35.0971801468315,"1"
-5.120071989205,7.6134902903798,"1"
-1.83068981281442,19.4811859699841,"1"
-4.58545102691782,10.5048079586476,"1"
-21.7690065261535,23.1948946060984,"1"
-4.72036415903486,23.1031039523753,"1"
-2.09625610792835,22.3563984078927,"1"
-15.381897952266,6.07502687952123,"1"
-20.5565039857205,25.0780155616856,"1"
-21.3491111454066,20.0434456860915,"1"
-8.15453279342875,29.5782460429999,"1"
-22.0554289551168,19.1158256240499,"1"
-25.3695331854138,32.8764565056689,"1"
-14.7356050230067,37.1067478978098,"1"
-13.8667143528406,16.8215921394775,"1"
-22.5914723242929,26.5992158804894,"1"
-16.0816602729031,12.8328714998771,"1"
-19.506595292325,6.76290430435673,"1"
-11.223949900912,17.7156319640983,"1"
-12.7477090434596,6.36395476399534,"1"
-7.72170085697302,23.0805903404938,"1"
5.59289852472854,21.6326930973174,"1"
-29.1558365684655,25.6586851495205,"1"
-21.8379996249531,17.7692076998647,"1"
-9.36142809825292,20.2080798688059,"1"
-17.0179343033286,25.2390425064036,"1"
18.6894047687071,9.98575124380354,"2"
17.0343933007079,25.7023418092077,"2"
37.7188607029449,11.100261544433,"2"
17.1988169307775,36.8734940481567,"2"
33.6234187199868,12.0764297358568,"2"
21.7566479589031,34.7084932634827,"2"
6.28037363975179,21.9924872068254,"2"
27.9006373627664,20.3511842693005,"2"
37.331707530761,32.6864994710747,"2"
18.7079740778107,1.30715577661696,"2"
5.24142609019176,7.33125645889272,"2"
42.0730938276339,13.9177703172821,"2"
28.4502221945543,28.9160650015871,"2"
11.0563558834778,38.8787930951848,"2"
19.2665760599807,9.19191155380285,"2"
26.4500318568337,16.2953374422523,"2"
25.9295738426167,12.870096411773,"2"
47.8805123948277,19.6266735142387,"2"
30.0578417005854,23.1743110872608,"2"
13.6638040925234,19.0315331681337,"2"
23.747871392079,27.1676682021388,"2"
24.029904500553,31.0267741081015,"2"
29.3789776137148,31.6753450637709,"2"
14.6732664430379,27.4735973237672,"2"
28.8490751235198,19.0821436538417,"2"
37.8256428411956,16.7401089534508,"2"
31.6414154955849,22.2216852020348,"2"
22.8027508212897,14.5163852205174,"2"
46.424665895959,33.7439004467785,"2"
32.3176697928487,11.8108030960175,"2"
26.7597524086173,21.3677159128237,"2"
19.1649571054301,23.4307705524392,"2"
16.8105853581727,15.9803433644472,"2"
18.6996997558557,34.9206719724497,"2"
33.472749228003,19.9085863279153,"2"
27.2484736066759,26.4913962214605,"2"
23.1136858026716,16.802130344875,"2"
38.0814648155067,33.0940160124324,"2"
22.3984411469721,25.5324425689312,"2"
28.0375443710792,38.564511183265,"2"
29.1365564322094,30.5283833925216,"2"
15.5131614432926,31.7841537850063,"2"
32.0310937415342,27.942778559994,"2"
21.2225209873491,28.0200030974471,"2"
31.2060220374842,23.4923008166212,"2"
7.38687602384308,23.8880554255836,"2"
17.3662867453334,45.5051873753427,"2"
18.181994024169,21.2096490410375,"2"
24.574821030454,32.0560481547749,"2"
12.6655999860668,51.0733581471936,"2"
25.9553291184033,24.6330886525331,"2"
29.54677009233,19.8924842162514,"2"
20.6155248439971,29.4114612012484,"2"
5.29256681611767,27.8343219352382,"2"
13.7358558464417,25.2765925510373,"2"
33.6865116771669,27.7859190434959,"2"
34.9644866347647,34.776699314761,"2"
11.2474722758946,29.8344147732141,"2"
22.2934054926768,7.45036334096648,"2"
28.8865428075065,18.6898816685639,"2"
9.77778716392899,20.7004918896163,"2"
18.7089861674593,7.35105870425342,"2"
15.2828158471178,30.0190375623642,"2"
23.2158705881309,8.19836055926264,"2"
10.8054421459808,17.4083678668131,"2"
6.06974924001912,36.1039121104996,"2"
19.4698666538974,36.7659733254945,"2"
6.20378520671297,7.33900533619261,"2"
19.2486544963405,17.4775415186554,"2"
6.12360459509979,38.678864957372,"2"
6.7862388676959,23.1775885646715,"2"
17.0136749350044,26.8862338267251,"2"
34.7177133434456,8.23658811561221,"2"
13.0082225207705,24.075549571861,"2"
11.2405372605252,25.46231781496,"2"
15.7049458588598,30.7641210118672,"2"
53.5023006466125,26.7945670144322,"2"
11.2653565993776,27.7988566587881,"2"
28.2564062341896,47.6802838310627,"2"
17.5602268255601,15.1007744209331,"2"
33.8242678095126,19.5055311273778,"2"
22.7829190117772,14.956849519957,"2"
26.5709958918683,17.4405802801195,"2"
19.3468675614211,31.3387273413108,"2"
36.9112217754498,27.9301859565437,"2"
17.1631285375593,27.2826171843928,"2"
31.4253268267544,40.2675124866158,"2"
10.8195521482899,25.5272457071375,"2"
24.3945313247256,33.8429684612757,"2"
1.03621806582207,34.0165920370579,"2"
12.6324148418057,32.098996220164,"2"
41.8450774497123,25.3883384868087,"2"
17.3304838826703,23.7181484101215,"2"
42.7113554546754,34.5320506657456,"2"
26.7909006710463,24.9483437827711,"2"
18.66990208603,24.9965835962825,"2"
7.86351488064788,28.6975803610495,"2"
29.1536260379715,43.3906197925317,"2"
13.0380163416162,33.3673837476455,"2"
24.1107184932715,32.5284625594335,"2"
36.6811532283789,27.8071979834129,"2"
11.4794716541003,17.2765426462852,"2"
16.5707829210827,25.52586298027,"2"
27.1504860068898,22.0731711381776,"2"
30.1330716067178,19.4616082373075,"2"
13.8118763933604,25.1651216006335,"2"
26.356194696042,17.4506213296212,"2"
34.3008335835981,21.0133898684001,"2"
16.0498333653769,28.0435880065353,"2"
3.48807513775195,35.0918849275225,"2"
10.2086288381741,21.6869015121687,"2"
17.9459714849878,21.594345669277,"2"
3.37406267160489,18.3814010207832,"2"
28.6752315500579,-1.98330273035984,"2"
13.672422050454,22.5122004276384,"2"
15.1841346416467,23.9559539820793,"2"
8.69336482197072,9.58891375810034,"2"
18.7853374561009,21.5647415411029,"2"
31.1965310635988,32.8332365722118,"2"
15.3204984075651,11.8734739031969,"2"
11.1849539287788,7.70790406103774,"2"
21.4406659894573,17.1676922676593,"2"
22.1891266909295,28.2000957407689,"2"
15.5332564390264,16.2030640302965,"2"
27.4161666613738,34.197149893201,"2"
19.3369225380207,21.6004831870584,"2"
14.0926903536329,24.1504508040627,"2"
7.99925401355659,36.2214889449265,"2"
41.459809965752,11.1546977912007,"2"
11.9422633248011,14.4821749302184,"2"
30.7745101552966,18.2337303345531,"2"
2.21127827981997,20.9628578969504,"2"
15.3297049487775,17.2183500606801,"2"
13.4240459283496,19.5696536198142,"2"
4.48964431047063,19.7366671715293,"2"
17.6655205225227,24.5868069044228,"2"
18.3139971057769,9.39545132985237,"2"
15.9491429303524,33.5582059445756,"2"
39.737746951402,20.6492480358086,"2"
15.6369181830185,15.2911199831765,"2"
25.5724428529267,16.5114850207096,"2"
11.1156305355107,26.4158368266167,"2"
22.3520103349,8.57780696708877,"2"
17.7239549751817,28.2242788355637,"2"
21.8925090027726,27.817374862549,"2"
10.0272195234721,19.9603774886322,"2"
12.4676749028067,21.450922077308,"2"
20.8239666473665,8.77243645856949,"2"
11.1764781808105,28.5396847432902,"2"
34.6171626204752,7.72378992668235,"2"
8.60350184783185,26.8316518989613,"2"
25.1956589343706,21.6217364757892,"2"
27.7798125684779,17.5557175957858,"2"
2.1583314452654,23.5521888221217,"2"
5.31560532261777,20.8839287872068,"2"
16.6140095932555,30.9795044603761,"2"
3.43778234750328,17.2880309219008,"2"
27.9298988238248,13.9678245414252,"2"
8.4795907160786,24.4305065043571,"2"
13.6745447493813,28.5777924160926,"2"
9.46162758116267,1.921122133404,"2"
22.7580409570886,14.4510053655021,"2"
19.7037167098549,0.483006708769658,"2"
4.27281604735402,24.1257972444686,"2"
2.87872813594047,12.7453380603456,"2"
3.79575325327484,31.8854776623158,"2"
20.1894290491582,40.4991579090426,"2"
23.2005026781216,17.0715127105814,"2"
17.3921718227617,31.9489942297793,"2"
5.39363066970442,21.0067096770084,"2"
16.4346911861206,34.4452052700464,"2"
24.2654603090562,13.0246648276564,"2"
-0.532525565066354,28.2298749406976,"2"
4.70961802074446,15.1123331287352,"2"
4.44762528235542,20.1286175806603,"2"
23.6869002260816,25.9326789890528,"2"
-3.89514834842729,10.9214407532516,"2"
10.6793710200375,16.5130398712276,"2"
16.9018047076006,32.8261447693477,"2"
33.7318208286428,14.6330635779482,"2"
30.7666731732244,19.3852941825758,"2"
-1.3272663448311,29.747214560741,"2"
-11.2377112818623,27.6049573628378,"2"
26.8959255505734,27.9017260242102,"2"
6.30568009719986,-7.58858867604583,"2"
0.542526299900647,-3.82383506471805,"2"
9.02303436901039,20.6869000963577,"2"
15.6910006246436,23.0325752349645,"2"
15.3929475059053,3.46571031337063,"2"
36.5213639802459,7.30199008887631,"2"
18.3534063253305,17.6638402166454,"2"
10.9272228840646,-0.552586423323202,"2"
27.3381636407442,19.4088697797426,"2"
11.8184079071678,22.4269214764781,"2"
3.93657568373891,36.9173044471498,"2"
18.3946247259463,26.9811573406921,"2"
17.3369989802958,11.5204782834983,"2"
8.97694017014622,30.1876529263794,"2"
22.4805029932336,2.57219993538653,"2"
17.6940712470271,0.37096878538253,"2"
26.5018878605365,22.390781795921,"2"
4.75757324714307,33.3430240528471,"2"
20.5353827844023,15.6270179097348,"2"
26.5905244338473,29.2449368668987,"2"
17.9966381484955,19.3250220414049,"2"
14.9891706191203,29.0627645791981,"2"
17.5209161406756,13.9209834731035,"2"
13.9639808006062,16.8364722780859,"2"
16.6541077346012,40.2297964496972,"2"
12.9057881496278,18.3604910459208,"2"
16.3833107070571,21.645614752567,"2"
15.6308291550319,14.9184700849371,"2"
14.1415020996261,14.4195773884,"2"
-1.90702870172118,4.39794379891446,"2"
-2.81638932649804,0.758739943823073,"2"
27.5849468131568,23.6705764256265,"2"
22.3608959999967,24.2286047723474,"2"
18.1156370286334,26.607925029398,"2"
15.8133887694755,18.9553408546991,"2"
10.2499036568804,18.0394674469513,"2"
9.44044656389405,29.8399174665975,"2"
17.077860628388,23.3539969453324,"2"
12.6443834318038,26.3577563835189,"2"
15.0449509629229,39.997444670745,"2"
34.2732399133105,27.7922161659958,"2"
31.3533895780021,5.03386216724894,"2"
2.52170222115433,29.0633991218347,"2"
9.01787657350957,25.7815172451211,"2"
7.93893806817462,25.6140610128024,"2"
16.8637193273064,11.1310967895774,"2"
22.4594691775489,17.4996018504799,"2"
19.2570417242516,17.5555292258778,"2"
39.1638761510536,34.0459627417326,"2"
40.9174258281036,7.75873990753769,"2"
29.4058493261086,33.476349403074,"2"
32.6152400467962,30.179204078824,"2"
26.7376956531448,33.5025409541148,"2"
3.56450938212412,17.7502296744192,"2"
16.2490665979842,-2.17138295967701,"2"
22.5670104794567,19.1175846676215,"2"
38.4250874528311,16.3514331806937,"2"
21.0127040104082,19.3301008947915,"2"
30.8772932609034,6.55347643964581,"2"
15.1138787420405,19.8726618925241,"2"
35.6118164090939,22.8184186859421,"2"
12.7504497591123,5.9647584362363,"2"
18.4171526321119,12.281982771757,"2"
2.18113753355981,13.2968530036146,"2"
11.582158517013,15.4057429088415,"2"
24.3149834030831,15.5284056109654,"2"
19.3210369295106,7.08729984512651,"2"
24.291442497635,30.7678983756525,"2"
35.567868304167,22.9704020967711,"2"
32.5823585249391,20.1456114185267,"2"
38.6503153591499,14.8426530674906,"2"
19.3601336185174,12.9765818342465,"2"
15.9806007639832,23.3317591459259,"2"
16.719304140431,18.2050442092804,"2"
20.3321996387312,11.0758191360238,"2"
48.0869290031186,10.1782071130614,"2"
14.6186482771108,11.6049640500026,"2"
-1.77387739931361,29.7234561267003,"2"
6.77941832462478,29.0279381858403,"2"
24.4791480893801,19.4530069978098,"2"
16.504229538131,14.427715589852,"2"
8.50867058277185,-3.56098075542296,"2"
29.7329525839796,-0.235268086336459,"2"
6.8275082196787,28.7749136081182,"2"
30.5229252561633,14.9864691848227,"2"
28.8680251274016,17.9065441401932,"2"
22.2777946492688,46.1310310150012,"2"
18.4838265961642,12.5564348537058,"2"
-4.84431023907414,8.74259478747931,"2"
7.36368203327952,24.155409854469,"2"
34.8752199103371,6.10171771333436,"2"
-3.59763056587767,11.5360124954981,"2"
32.0311786520032,-1.0992779265174,"2"
19.0079346944662,11.0346380211942,"2"
4.07269353458687,20.0885664666778,"2"
9.53167570081416,20.9118637998323,"2"
23.8727231335864,9.10746636576898,"2"
10.5994002015729,13.135936473681,"2"
10.4812237855725,19.5389859057812,"2"
20.0586968473192,14.4470128652975,"2"
10.7994044925441,-11.1367183092542,"2"
15.6573144105754,21.3502643657357,"2"
27.6399637174488,26.6453636462723,"2"
32.2584912770303,12.6539720630793,"2"
27.2793431486469,12.7640448330149,"2"
21.5583871381158,22.0140599308996,"2"
18.9016811300042,3.56394288405508,"2"
13.3091680225721,-14.5685648187478,"2"
29.438226186527,0.376094360809729,"2"
15.9799514440062,14.6743396185103,"2"
11.8604090261284,13.6312761317474,"2"
36.7217379211376,3.67852474827213,"2"
10.4839044537795,10.4418280436449,"2"
17.6269823454638,-2.30168157585819,"2"
40.8579066371482,20.9361048918965,"2"
18.888655055696,-8.62800717181044,"2"
10.7603067708619,35.9206632225672,"2"
4.01118142411665,18.5620642690298,"2"
33.896007840772,20.9042862816772,"2"
18.2147177954014,-1.04462860008732,"2"
21.2332255213976,13.1949442945468,"2"
23.6602192137581,26.9873524778536,"2"
12.3400400667891,15.7882682337644,"2"
19.99496484803,7.04604143719009,"2"
9.58790063211362,5.42616520413929,"2"
23.2937842090537,9.67181039215141,"2"
28.5837823071882,10.9405057483274,"2"
12.1695992432682,7.20387421784309,"2"
22.4798036455444,29.5422225434107,"2"
41.1491944501925,10.3155954850521,"2"
16.942820870154,8.98628917175246,"2"
16.3452192673442,18.637141567613,"2"
28.6802999141051,7.52316291728412,"2"
4.06273228351553,28.5552943539981,"2"
23.8222996206507,-6.13321580456996,"2"
20.4185147917778,29.4183370489691,"2"
17.7255607811615,16.7512274436467,"2"
16.1195757001554,14.5962392036249,"2"
20.9561054852908,27.2045727228369,"2"
16.5118516661148,35.5081376894922,"2"
15.9842179509524,19.6388831887741,"2"
10.1590431190402,30.9215003472554,"2"
27.0705649078328,15.7317805933307,"2"
42.6355951232582,11.2494486305555,"2"
24.3098030082726,6.21306595787525,"2"
32.1600673666169,19.5332085064364,"2"
11.8698217647614,34.686514248855,"2"
25.0123590556884,10.9841820243417,"2"
21.9616657725302,22.97056988349,"2"
36.4893427284911,25.0083560468045,"2"
27.208879762651,32.4515104362126,"2"
31.8751157816291,25.2747620390147,"2"
24.4636214173817,9.50537809792256,"2"
26.7977260475637,21.1497490180036,"2"
20.1086698587443,10.9575727110286,"2"
8.19455040092211,33.355350789136,"2"
34.7221483110901,37.9061599292848,"2"
24.300275293769,22.4724531561769,"2"
20.687538637744,10.9712487331452,"2"
33.368891027212,9.1616873734114,"2"
29.063889107533,12.2827448654148,"2"
25.3665217558137,27.1879788940835,"2"
20.3932349971801,20.9311937118928,"2"
32.9912486498935,13.1678768070522,"2"
14.0023112905639,22.5658511015974,"2"
12.7594264795948,25.729971068088,"2"
42.9079104212671,27.0026198610681,"2"
14.5776926606609,30.6810065995962,"2"
34.9887135187507,27.9898226470509,"2"
21.2760700252351,11.8580466097593,"2"
28.6918233747985,14.2899067398221,"2"
39.2564435441078,11.7182235409251,"2"
28.7260162392005,1.31189836190434,"2"
30.8239747508056,9.6523857501151,"2"
40.4933898405876,5.71147348633366,"2"
37.1921079319421,36.9706003849616,"2"
-1.50453274495484,-11.7429597377319,"3"
10.2254765617227,-10.1988780097856,"3"
13.7649954314293,-1.78632494027312,"3"
9.23303404669667,-19.2908568255283,"3"
8.33730530119036,-23.9888004078562,"3"
-4.39474808245434,-16.9099445518036,"3"
-6.62336583725401,-14.09386054522,"3"
3.86555546736457,-28.5251271364963,"3"
-16.624718544165,-42.9222359597895,"3"
7.79028625578675,1.13508957704949,"3"
-7.04329725605764,-34.0310430483831,"3"
5.63558791792884,-21.6307909814447,"3"
5.77873624483888,-26.9422577186109,"3"
5.63320421747596,-14.7231773108331,"3"
-5.60498685117007,-21.0646863863601,"3"
14.108211262795,-24.8216019623407,"3"
5.24466569443973,-13.4334845713635,"3"
1.72833428983605,-14.2567128418594,"3"
16.9474579811027,-11.9643158967545,"3"
13.3696230230981,-12.1878055975209,"3"
8.30053251343867,-2.03298238782449,"3"
6.00772216875817,-15.9670734451955,"3"
-0.99601548859716,-27.3200014605115,"3"
-0.787246367869082,1.41889392383819,"3"
14.2368741093038,-11.0254907805911,"3"
-0.226136091384983,-2.59796996216659,"3"
6.83809849165464,-23.5136963404197,"3"
3.69297459817698,-21.3770375985489,"3"
1.52164568733247,-7.35254827574798,"3"
29.1499793582562,-25.0933301756722,"3"
15.4730820390464,-9.88372798739932,"3"
14.2326462536212,-15.6080501255989,"3"
14.1866334118092,-23.9804297563168,"3"
14.8081801348166,-12.6669168910761,"3"
3.55866023204496,-19.1449230282582,"3"
3.19766465407706,-12.876908379154,"3"
2.16500986852695,-16.0008643046683,"3"
8.50419993038401,-8.85003715469731,"3"
6.60769264031094,-21.5976119158736,"3"
-0.535111427866102,-15.7472872283989,"3"
-5.98314924114139,-35.7331866019529,"3"
-4.50946415711705,-9.33366565808443,"3"
-5.9718338951492,-12.6285285940337,"3"
-1.91307464868985,-29.6530406764286,"3"
17.172814927268,-10.2281719384149,"3"
4.39812394742656,-15.6876559315202,"3"
1.36320466606412,-27.1469572328256,"3"
-13.8570537722892,-17.2290433808908,"3"
12.4519807631646,-21.2817706731014,"3"
8.53179437757533,-11.6707420775347,"3"
7.9711232642343,-6.41469864606981,"3"
-6.22935928927746,-25.1146913516405,"3"
-4.77245517412677,-6.74105716841386,"3"
1.77109967071734,-19.6172255428292,"3"
3.09801583625006,1.6256397207955,"3"
2.90562620018738,-11.6067850486884,"3"
14.099899362322,-21.5528723761215,"3"
-1.65355633878441,-21.8348670946366,"3"
0.523412043737058,-15.0582166011677,"3"
18.1472935108374,-10.6083748593186,"3"
-3.524606336104,-10.0591991918636,"3"
-1.79027850251409,-3.23102033862564,"3"
6.19168256064244,-17.3976260683162,"3"
-10.1313033556015,-10.8588483363207,"3"
20.0649081222362,-17.43649653404,"3"
15.0266081443409,-31.6783844586641,"3"
-12.4032247577313,-20.1598628777579,"3"
-5.30152123502857,-17.6845261144762,"3"
-3.04423347456303,-3.70499821095073,"3"
-0.827287587796188,-13.2023240390602,"3"
1.82001080944643,-7.02642111294937,"3"
1.09744346331518,-21.9614501100537,"3"
-0.534836864800448,-35.0870472887815,"3"
17.8279176822564,-20.7541981529504,"3"
7.34457896450802,-15.7191159068318,"3"
11.4860694940929,-14.3673107371608,"3"
8.23348937382253,-16.2528218425145,"3"
34.8274055045277,-22.0821129722427,"3"
-6.31092903081529,-4.7408248919011,"3"
-0.886143481025352,-29.5451675228201,"3"
-8.61973369669728,3.61906039510181,"3"
-12.1541397117286,-12.4451288047804,"3"
-8.4658164972283,1.73793378971837,"3"
2.22521412342807,-10.1511113765027,"3"
-15.1972630276688,-23.1531129472288,"3"
-6.30366533366603,4.05430170981512,"3"
-5.87513896628008,-16.3089142449699,"3"
2.27248490605127,-20.7262287970009,"3"
-0.85954156388416,-21.2528497605856,"3"
1.46921688003119,-27.1423668441444,"3"
-9.23987868357692,-30.1928004084384,"3"
0.764185924978077,-33.9274196174184,"3"
-6.19512030278437,-16.5337868480363,"3"
0.379524377383536,-0.537839927582425,"3"
3.95245301612387,-15.7664004568531,"3"
-3.91969548509283,-15.8349624205807,"3"
6.79434433435606,-34.4544755861133,"3"
4.0054913311164,-26.1343591013581,"3"
6.18815888465819,-12.7011923914813,"3"
8.37607713635096,-12.6680867505775,"3"
10.4760167090386,10.8862982503869,"3"
-24.9936986305045,-13.0448735881474,"3"
-3.17844771791097,-12.9661705480662,"3"
6.4624385947265,-13.7852692662358,"3"
-14.0862733191545,-11.5228993958864,"3"
0.433200696176414,-19.1251478819569,"3"
3.22826997578136,-8.90535348211453,"3"
-15.9448282582807,3.55763986487178,"3"
2.9434241738908,-17.4389910188132,"3"
-10.7416755628265,-15.3681429155041,"3"
1.37377903016812,-9.01840211983319,"3"
-0.267148344355922,-13.4032395842386,"3"
-6.91499403226476,-11.602252336064,"3"
-13.4483335826646,-24.216002406447,"3"
-24.8659694718026,-30.3111045675947,"3"
-21.0378921980875,-18.960133783964,"3"
0.035626611765907,-6.5347061685883,"3"
1.09390680992493,-17.2633444424568,"3"
-13.3301117113729,-20.9919350454625,"3"
6.30613605314123,-10.9346691907429,"3"
-0.992383681665781,-14.2386000933658,"3"
-0.589031982951999,12.8354473733704,"3"
-6.94403252899377,-9.62275374858439,"3"
-5.59418963016865,-11.6984141305349,"3"
-0.883020517578287,0.311474058025022,"3"
-7.15017915933101,-33.253275640777,"3"
1.90908929523124,-12.2902081231692,"3"
-3.98236688339902,-11.6331869087565,"3"
-1.98197151251061,-5.22166823319276,"3"
6.63709230162957,-21.3307953471886,"3"
-9.73380434487917,-24.9099200021425,"3"
6.09549133397068,-28.137553862275,"3"
0.117203254849294,-7.63219549840777,"3"
-7.72237273302791,-36.6765277685517,"3"
-14.6644508919399,-23.2475115278035,"3"
0.293056548227406,-15.2990644432386,"3"
-11.3753309533464,-10.4000673980595,"3"
6.96613672568049,-31.1665672713438,"3"
-0.0964740389009702,-25.0312783967848,"3"
17.8618051619575,-19.8920754236482,"3"
-8.18128439990494,-18.1872517441131,"3"
-1.20153866371299,2.20773888736179,"3"
-11.8663894728673,-11.8137567628105,"3"
-12.5524234529619,-12.9991589605742,"3"
3.38617468223311,-14.885273418034,"3"
-17.2665397239082,-15.7088372814104,"3"
9.27903779330751,-19.0337830729904,"3"
11.1039399284729,-6.1536811215199,"3"
1.08304021538076,-27.3281164986002,"3"
-7.04606148212401,-22.7746858861589,"3"
-13.8108031243966,-18.0577023544795,"3"
-11.6071039941466,-17.3498471366304,"3"
-18.8870631454111,-7.24460147620173,"3"
-10.4842884191475,-39.4021961398115,"3"
-9.305672492752,-7.87997379036389,"3"
12.7636221084783,-21.4943317174157,"3"
21.0048278296717,0.460008734396542,"3"
14.6352679004118,-24.4345794129608,"3"
-3.69394607245305,-23.0894131552031,"3"
-9.4949556385953,-6.79075766682187,"3"
0.21787390486158,-26.0435898274903,"3"
-5.77111573354371,-22.0412444851321,"3"
18.6316040797409,-17.2468257822193,"3"
4.83482923535782,-14.0818497528717,"3"
-19.7983676931064,-20.8384422129536,"3"
-21.1866907837845,-16.9317157678007,"3"
-18.57488849718,-17.3720863700754,"3"
16.6828979744704,-27.2590533598683,"3"
2.14486937560826,-34.6008929799263,"3"
-20.8060732261795,-13.6746511338629,"3"
-1.62653559491299,-11.4750777520371,"3"
0.17864082231263,-30.9386390008705,"3"
-17.9785602399079,-36.5407309299672,"3"
-5.43298520848695,-37.6890601811775,"3"
-2.34875973399865,-9.83181105339282,"3"
-3.73368192412195,-35.5740045883937,"3"
-4.62588186704298,-37.1568003535519,"3"
-17.1966096756854,-9.42040191142985,"3"
-3.39908626627989,-34.8252833687594,"3"
-19.0644200913435,-27.242258135962,"3"
3.12906439027588,-31.0576087035709,"3"
7.21706564388547,-12.5765078548719,"3"
-2.12379531434211,-26.9792271360086,"3"
-8.84921853309739,-18.1545956585521,"3"
-20.6349139272994,-28.7932141314492,"3"
12.9046424156975,-21.7690580769789,"3"
16.2042226013983,-11.6129238193769,"3"
-18.0065887708299,-2.37200434288124,"3"
-6.11241180265049,-25.4194474860978,"3"
-21.4726091956507,-21.5346100089572,"3"
4.13578915840466,-29.1665848513374,"3"
-10.4740054927337,-29.8896863725278,"3"
-32.6308651788586,-11.6414889121091,"3"
-8.57775897777536,-26.6577357295786,"3"
-5.17561757852008,-19.2399292890511,"3"
-4.22055254954775,-22.9966713221175,"3"
1.59080014794734,-16.5644683673654,"3"
5.71505646292388,-31.7704400983222,"3"
-12.9927444349388,-24.7014932316369,"3"
-7.11501251461128,-16.7952088212718,"3"
-5.53188587583455,-8.79295715468353,"3"
10.2441207734582,-7.24266004278318,"3"
-9.21896158840131,-38.4906777916523,"3"
-9.39766525872855,-32.9958073652889,"3"
-27.5423902700939,-25.0071223340687,"3"
3.63952923863136,-22.3221198667055,"3"
-0.772666332662523,-17.9413381324655,"3"
-8.51234367606945,-13.9454344887516,"3"
-8.07754037875874,-32.5530140792869,"3"
8.56584126192514,-37.6856916038437,"3"
-16.8792860850017,-28.2684520439315,"3"
-10.7648989958442,-32.5867306487742,"3"
-11.447267869651,-20.067136401914,"3"
8.34596222510993,-8.85090363169101,"3"
-8.15473981500265,-20.2356971389936,"3"
13.0826740208733,-10.224400267921,"3"
2.16192046515268,-30.0148022419342,"3"
-2.42579409085911,-14.0248263452456,"3"
5.23594430663324,-37.1155731502783,"3"
13.0172410397833,-10.1127592351631,"3"
-8.46590031823692,-24.4352178911648,"3"
-16.6562083961027,-3.39983132805928,"3"
-13.4132575241485,-17.7605970513959,"3"
-3.04179778271154,-17.3169592573387,"3"
0.103786788724227,-30.0031852944992,"3"
-0.0324700634666155,-40.690855572762,"3"
7.79498148779373,-20.6902563482488,"3"
-4.52239523200731,-31.9380133376949,"3"
-7.82476605078074,-22.1164156122868,"3"
0.740098889673564,-29.8209956530509,"3"
-20.7599929045027,-23.926292822774,"3"
-9.0862297896056,-18.1627756285733,"3"
13.7391151212039,-26.1735878487268,"3"
-1.42983568098221,-18.4426019210439,"3"
8.46194777890521,-29.3247005645252,"3"
6.82985632378712,-15.6776380905206,"3"
-6.60244982147832,-26.7043409229564,"3"
0.874376086450168,-38.8731821693215,"3"
0.411123574549146,-27.4735627489596,"3"
8.50734047082243,-50.3529994694114,"3"
6.60569576357106,-47.7972857088766,"3"
3.6231382797814,-23.300422193707,"3"
-9.22305456912643,-17.2737894044767,"3"
-10.4628821141287,-20.5846900171624,"3"
2.50435384452489,-14.2679132684083,"3"
-1.83062617514283,-18.7312994015049,"3"
-21.8031862420228,-25.7904245505794,"3"
-15.2365066350314,-18.08827636531,"3"
-3.36142798128662,-33.1391621294955,"3"
-4.51555029347032,-34.1435293092683,"3"
3.59761373111284,-9.41836032143795,"3"
5.85444700490104,-19.4161657587568,"3"
4.9580535453744,-20.5941094985484,"3"
3.5467895553445,-18.0248773315411,"3"
-3.42979421339573,-26.8146843866072,"3"
1.58854074356863,-18.1831816571516,"3"
-8.50467493909308,-25.972526515986,"3"
-8.59181125875027,-21.2318242313588,"3"
-2.64207645542201,-14.9465805967237,"3"
-4.50102989994073,-33.9163233601701,"3"
3.93233159238099,-5.15882874146851,"3"
-14.9060282893133,-36.4616005589796,"3"
-1.47605588794654,-21.9716828369484,"3"
9.40113511950609,-42.9587809919307,"3"
15.9026109958085,-32.5157283283083,"3"
6.92134679320864,-40.1556279197832,"3"
-4.98513456509268,-10.5982834439916,"3"
17.2185292944748,-27.3443057379037,"3"
-10.6459895192165,-26.9878172236657,"3"
11.895579714992,-18.829983217594,"3"
2.32094630142398,-6.26850408340378,"3"
-18.2791283681698,-25.1136333467508,"3"
9.25169891557166,-12.5021292153062,"3"
0.991014655915062,-34.183638491868,"3"
-0.0964671513854596,-19.4675101079604,"3"
11.5137811718919,-33.3088171460502,"3"
-0.142408350837797,-47.2837723864363,"3"
-13.8263965127287,-29.8535827386645,"3"
-0.71920146720159,-20.0322340303156,"3"
-2.332297350003,-27.3565985230272,"3"
-4.64112004033479,-8.19175385390885,"3"
-5.09339937389419,-15.9664376116504,"3"
-10.9201752946373,-22.7364108841443,"3"
-9.5743004439505,-22.2016418767877,"3"
4.52665978239549,-11.8537698064311,"3"
-16.5426608629671,-36.8120590436637,"3"
14.5367159185536,-27.0097007159548,"3"
-7.01197998558408,-35.0770604431702,"3"
4.7703831749754,-12.0152807125929,"3"
1.12286237582392,-16.1611345476808,"3"
7.56035459137422,-36.0929758463124,"3"
7.37427209522627,-22.3879040965514,"3"
1.92325892804695,-12.4605717691399,"3"
-21.0947080106746,-9.21529017665565,"3"
-5.61110693827142,-33.2984878777832,"3"
3.50811479241795,-33.1101979727323,"3"
4.55788218553314,-13.5571479740037,"3"
-20.5910395769546,-11.2022809930628,"3"
-0.920678699762507,-28.4687118965369,"3"
11.4626237633922,-26.5352885821508,"3"
-7.5496475978593,-36.6989348012947,"3"
14.3256377532849,-17.7533213614721,"3"
-3.88976470377513,-27.6382429342527,"3"
19.8232436151359,-21.9641153048441,"3"
-5.9365178851294,-25.1964104360155,"3"
8.39359436409976,-26.7328393177156,"3"
11.5342996327876,-14.1326287978787,"3"
1.30206224732384,-6.38469004260607,"3"
18.2770240624145,-20.9929672489957,"3"
-3.02293447980753,-33.8817450629145,"3"
7.85931096073659,-23.9191476528207,"3"
11.3212257860182,-26.5212216212481,"3"
19.140788788754,-25.5055442842665,"3"
2.9417701105319,-19.8764185338449,"3"
15.8203369066259,-32.0504180947149,"3"
13.3998777918151,-24.0624246202548,"3"
14.9314529039241,-26.8826727492863,"3"
-5.837257645027,-19.7583952190338,"3"
4.79501285725947,-16.0678236820142,"3"
-8.55740758881658,0.373363557232921,"3"
-3.29183765208239,-31.4604677874495,"3"
0.968868933327193,-26.3917934546228,"3"
-2.04461443487958,-24.2398361436288,"3"
14.4865116448602,-19.5556302626807,"3"
9.019529310341,-25.5406330303634,"3"
5.20789398854315,-16.382467648224,"3"
-9.71604272752048,-46.6620153212411,"3"
6.33239956089088,-34.8721959909407,"3"
3.28859611630717,-14.6598380201066,"3"
-25.2875898422451,-25.4279535285797,"3"
34.0759755502266,-31.8984423794633,"3"
-3.14990067088797,-38.5187485007387,"3"
-0.77968961182146,-24.707043432261,"3"
20.0576173826141,-33.057355366702,"3"
16.1609186192163,-36.41622399029,"3"
9.28585179681694,-11.7714257986473,"3"
-3.10350999762512,-39.1088025589299,"3"
-8.25664084544873,-34.3017799742082,"3"
14.0423310393287,-10.0934160879022,"3"
6.49511433665148,-16.2911599745705,"3"
7.56927412524624,-11.2252409426656,"3"
6.68730055436579,-0.425472429632158,"3"
-9.4827004906208,-5.44031417517094,"3"
6.88724397267971,16.0373273003869,"3"
21.9074347027567,-15.7310199049831,"3"
7.74626385397744,-28.9525983767903,"3"
-2.58370641564066,-29.7965112105822,"3"
8.9841891701389,-10.3670460402098,"3"
-3.70525518386217,-25.1316104037623,"3"
1.31590612441648,-12.9379541763633,"3"
11.7153031764011,1.03388458463542,"3"
-25.5394224443976,-26.1069609974543,"3"
-0.554585952665323,-21.7007272053109,"3"
1.15559900329962,-28.6148012496739,"3"
16.273365618023,-16.9398656179003,"3"
12.8417505726652,-17.7079185913755,"3"
-1.18495274397771,-5.56183478734188,"3"
23.5458032194953,-28.5215874390042,"3"
4.48791643545417,-43.0123240423545,"3"
11.4153657432204,-17.9321965020105,"3"
51.0625981486343,-39.8454377081053,"4"
39.7838804111602,-9.61219770552758,"4"
46.615592081503,-25.5234090535215,"4"
49.2804945352545,-34.0707107332282,"4"
41.7763540304836,-21.7044415868737,"4"
52.4294726324269,-12.2377757191348,"4"
51.6254615671224,1.76987533237432,"4"
40.3545834261237,-11.1282448365026,"4"
48.1186030420328,-14.4631763873019,"4"
26.0136515439979,-13.5591347449502,"4"
50.7566268842875,-7.45297818131531,"4"
59.6720408750958,-13.2677716412504,"4"
55.1386141272519,-13.0039441306251,"4"
38.3037861140441,-21.2317348524976,"4"
46.490964253575,-20.2906499738151,"4"
49.377620805212,-22.2914524105358,"4"
53.6741390464781,-29.4518148097127,"4"
53.8670191439182,-22.9403281782393,"4"
37.4210903606918,-10.1243870122286,"4"
31.4978483407678,-2.30310324309584,"4"
46.4207712599086,-21.2322013838873,"4"
40.1793770957607,-20.0251704324541,"4"
61.1875938496005,-16.3597002236832,"4"
48.7895010832408,-15.9780593307957,"4"
57.2779619908259,-14.452713516529,"4"
52.8507952524691,-10.457463402203,"4"
43.0024423353877,-13.3447296436137,"4"
63.2399459439468,-17.0096345049502,"4"
41.1637757921307,-20.0574270920281,"4"
41.0475738817416,-6.78023036361046,"4"
50.1066689747575,-17.1290616701735,"4"
27.6410292128796,-5.93499668450331,"4"
42.5883147685926,-22.2739742277578,"4"
32.3302471117525,-15.1910864659752,"4"
46.2208321733989,-13.9234868429313,"4"
46.8125220226654,-13.8498477252876,"4"
48.8144922585337,-12.7653489021701,"4"
41.3914281864482,-24.6784790733302,"4"
46.8301786107429,-18.9980180845648,"4"
58.0742096691794,-31.2349494729715,"4"
35.7894565191745,-4.09694318557289,"4"
47.5718922547484,-10.0513754550425,"4"
37.435504116519,1.71573211683672,"4"
33.1818796862004,-20.7693935908704,"4"
32.1585883654843,-22.6121566086253,"4"
38.5180603928318,-9.58966510932918,"4"
54.9450693861737,-11.9352785863858,"4"
25.9350249207842,-2.87576584841069,"4"
36.7721565036403,-16.6579289951591,"4"
37.9483186422021,-40.5897064814431,"4"
57.6614757328685,-13.5420382882466,"4"
55.7032682738094,-12.4966246053665,"4"
30.3100544865491,-20.4221623463776,"4"
31.2128912227417,-6.41291281756854,"4"
42.7812119750848,-4.87920280457169,"4"
47.6402739209766,-18.5471966186131,"4"
50.6303956375497,-8.14981195732242,"4"
42.4381036596258,-13.7913572432314,"4"
48.4995263632741,-12.950060868001,"4"
41.6461636212549,-25.7603452264435,"4"
31.5086303115672,-12.1991474250994,"4"
39.2360114560947,-3.81940721865815,"4"
41.2137935239476,-3.07638764347997,"4"
29.3198448493406,-11.7497263359721,"4"
32.3501372461942,4.59534909389068,"4"
34.4112115081048,-13.0546458188945,"4"
40.2083114687828,-24.3257841461718,"4"
58.2275526349879,-4.21054869197002,"4"
24.0737394255338,-16.0334507620871,"4"
36.1428534548782,-15.1257606921179,"4"
42.4229828104581,-19.4176967327148,"4"
35.0216684419972,-28.9587935595522,"4"
34.4867294241223,-18.6606204776056,"4"
36.4258091204514,-12.0474118711372,"4"
47.4426291573003,-18.4407776155088,"4"
57.9040734491834,-14.5936797372444,"4"
37.0397556796997,-14.9771848105915,"4"
4.64996150472957,-16.1047982359031,"4"
46.2404938061078,-23.1600471680397,"4"
41.2055380923405,-19.8455087104116,"4"
45.4052588059474,-7.61582623280858,"4"
32.9031397514356,-10.8607068602816,"4"
36.0843524926893,-27.2078941951885,"4"
35.9600531942074,-28.613845308681,"4"
47.8128592277432,13.1209951495778,"4"
26.4094015164094,-20.4932948892432,"4"
27.2759462861781,-20.1492288215168,"4"
51.5176613210372,-1.61809920170172,"4"
26.4793964474625,-5.29550075292565,"4"
48.8829735657538,-12.1196074787164,"4"
43.8427633764155,-27.69099083184,"4"
33.6935929834776,-29.7233482091589,"4"
40.3012906214074,-12.0377432328053,"4"
36.9798893522998,-15.8440526781704,"4"
41.8419920294735,-7.07962197722131,"4"
52.5569720802654,-25.0328458228088,"4"
41.2549526753727,-23.4192618089461,"4"
51.9191981775062,-3.13758258987703,"4"
51.0663976159571,-17.2850108520542,"4"
35.084149200967,-19.4748951665957,"4"
36.4047480895801,-22.2268257047208,"4"
28.1218222021594,0.516706590259133,"4"
41.4975319517479,-15.7381448416155,"4"
37.0185541207375,-7.05174454034757,"4"
42.3229515420173,-15.8958506919442,"4"
47.0615826202738,-17.0035482467581,"4"
27.3883720432529,-8.65083871728762,"4"
53.8659837219408,-13.6677625910169,"4"
45.0828742824689,-15.6517819038308,"4"
45.2403660503469,-27.2127364461551,"4"
60.2275396541492,-21.028179118441,"4"
38.1643910069766,-28.5467920292143,"4"
56.2753858719775,-26.8777064151109,"4"
45.1815926097507,-5.78765936637168,"4"
31.4002024363206,-7.59318642131673,"4"
28.872247258252,-13.8098723830546,"4"
28.1193020164839,-22.4469784588628,"4"
33.6262084447608,-21.6897427359219,"4"
39.3923996822996,-18.9135921957382,"4"
47.5396561069752,-5.76100772541225,"4"
55.1792408901375,-9.0089713020053,"4"
29.7958001580288,-27.2140888435972,"4"
34.2723475291752,-11.8046854565294,"4"
42.3417470561378,-13.6847273943119,"4"
24.2566394295026,-15.7082227666722,"4"
44.1414944372721,-20.5547623492594,"4"
36.6258968145159,-10.9198815397411,"4"
35.5088732408744,-12.4942516645838,"4"
41.2705966946983,-4.35112168162529,"4"
35.3155600293505,2.42051595452346,"4"
23.8911713327509,-19.4308661351207,"4"
29.8287631257967,-6.30570978743418,"4"
49.5268392473479,-15.8385956470919,"4"
37.545900215546,-32.867345190667,"4"
32.4810747624049,-10.5758305257423,"4"
32.9477656865554,-26.8389017691712,"4"
38.7084969924601,-32.0892424376955,"4"
39.7884077584909,-21.9474961706076,"4"
37.4097175503091,3.98098247885412,"4"
23.710555519978,-21.5799451310521,"4"
32.0035158720733,-9.85554847108754,"4"
41.0156501247929,-29.6156177768461,"4"
46.0743640039232,4.02043164867092,"4"
30.1922540511303,-27.4161584001243,"4"
28.9589206645858,-10.685005325899,"4"
42.8881517783277,-28.0831237980563,"4"
40.8562557757362,-17.9348710025099,"4"
36.0398266252682,-22.9961746754691,"4"
43.4848748715686,-20.3652701243933,"4"
21.432963337181,-39.6909452086701,"4"
21.8104377024242,-22.2242102570015,"4"
38.9021875621683,-32.1171845606057,"4"
29.4176327412381,-22.346302616277,"4"
33.4723096709166,-32.2179779437532,"4"
19.9079194819744,-34.9087067241313,"4"
44.3503750267751,-13.5769009949828,"4"
33.8532496829442,-21.9961394049601,"4"
34.5794048479632,-23.1070021429102,"4"
31.9231360931247,-20.0262849524313,"4"
64.7463727164776,-21.9464382046376,"4"
41.0131918265222,-13.0934201910447,"4"
44.7779038256957,-26.6613044397419,"4"
39.9800674165482,-20.2027646231757,"4"
31.8918419222376,-8.57868232925063,"4"
41.3043152568281,-15.9742069578128,"4"
30.7998690896012,-20.7644633497261,"4"
40.7556248871742,-27.0473542926707,"4"
23.419176351551,-13.7936675843589,"4"
39.1716754552921,-23.7159399036857,"4"
46.6928672540956,-13.0669348013959,"4"
39.5098745077326,-28.819516671835,"4"
34.9165626613853,-23.6806633680747,"4"
37.4235143714888,-20.4221657146277,"4"
28.8859835160326,-10.8577774845628,"4"
37.9746906101876,-22.6337216191268,"4"
40.0044809204339,-28.7380905744399,"4"
39.5278923229829,-10.9328027366822,"4"
31.2129685558537,-2.82658560613818,"4"
25.8801180073619,-22.5535328443877,"4"
49.3567143376542,-22.4028961749879,"4"
14.1950647745181,-44.241064518495,"4"
31.7767752684228,-16.6654735158309,"4"
49.2507967346845,-32.9891542555718,"4"
35.3817416663982,-26.6520429018318,"4"
27.1032867047788,-29.6524039106492,"4"
40.8007090603097,-31.6975462570999,"4"
19.685422809453,-26.0392702832754,"4"
41.001568380974,-8.52937475641586,"4"
32.4333982547963,-26.6094664168712,"4"
35.0617701425335,-14.2564324595549,"4"
41.6889222635037,-12.9457698114789,"4"
51.5971865838636,-21.3538617061064,"4"
34.1879253558039,-8.96543563596522,"4"
49.9698906883707,-4.77779938379929,"4"
34.2344011971035,-26.5190331912581,"4"
23.2499669732338,-10.940787459785,"4"
37.9427034157848,-33.0328987501453,"4"
31.856646535701,-12.0694338932246,"4"
41.5831509435801,-2.13405127925333,"4"
16.059353742607,-13.9733933993215,"4"
22.5556326514314,-16.0632701348271,"4"
52.7254592389411,-9.95901422764918,"4"
54.365525116382,-35.2291906077567,"4"
58.3969461011513,-6.74795520927311,"4"
33.9595395659911,-29.0976756665916,"4"
36.84265527829,-23.4280521240024,"4"
30.8519752161463,-17.8031102039633,"4"
29.064108984714,-26.1737101759376,"4"
40.5119215004298,-26.4127739954378,"4"
17.4255654848682,-12.722426923846,"4"
20.5587413008428,-28.8327599136587,"4"
45.6730805631108,-23.5867928582868,"4"
32.7601417982363,-28.1641747685354,"4"
31.0478870223297,-37.0357350175664,"4"
11.6554151511469,-2.17798679885188,"4"
45.6917873490296,-11.0964400446273,"4"
43.1973465091401,-27.64428957616,"4"
42.7586884635457,-6.89843078596073,"4"
20.1841968845023,-32.8404062803568,"4"
30.4920134448905,-23.8871554519902,"4"
46.1206336220214,-24.1112071798274,"4"
28.4625809243687,-14.0517553006669,"4"
38.2849570772243,-29.5871787157523,"4"
24.9474898425849,-10.8537845782984,"4"
37.9702876410883,-23.6752872689572,"4"
33.6754984335024,-54.3440040708503,"4"
37.1987836462227,-37.1515898712765,"4"
49.4365049805901,-23.5958012691843,"4"
61.3528569683507,-39.5594050684708,"4"
35.0826298610257,-25.576822346762,"4"
45.8115239233866,-34.976592169902,"4"
19.8717410710117,-7.76868334277414,"4"
40.273614661422,-41.1320765089491,"4"
25.1734479402509,-28.5155681711956,"4"
26.9447457905978,-25.5000066202451,"4"
40.9774702773807,-31.3481304850011,"4"
50.3916701224681,-17.0549740148983,"4"
36.8020266941896,-34.0950897679027,"4"
37.5014669042638,-13.2772717494483,"4"
23.5647069781793,-17.1456936663428,"4"
33.6866240149013,-26.8574500336738,"4"
38.2687274141092,0.483904976969857,"4"
20.6436784748235,-42.1141114659852,"4"
44.1426657595248,-25.6863463163168,"4"
49.8582978292968,-23.9497237899691,"4"
49.3300293718958,-15.3697666504871,"4"
51.864020690605,-23.4956270238026,"4"
32.012922184857,-27.7185871208134,"4"
42.4852366050619,-27.2467486094816,"4"
53.1805788177239,-18.4670186842686,"4"
34.0943191246423,-23.280736545713,"4"
31.1267892904417,-32.6842564886573,"4"
33.2551011821894,-23.9563720237082,"4"
27.0523659375781,-21.9313776230233,"4"
37.3361386738116,-34.9873502932326,"4"
45.8106104483337,-20.859332216997,"4"
46.8852944416913,-46.4039716209979,"4"
50.7275605760832,-36.8725490415525,"4"
44.4922748838283,-19.2666289016897,"4"
68.2992372303945,-23.2757802435365,"4"
56.5061352607987,-24.1969575900756,"4"
54.4227957615346,-22.7362784541622,"4"
38.911412558529,-32.729994860306,"4"
32.0246780502353,-40.1009157511747,"4"
45.9677405983291,-22.9523877148547,"4"
36.0185952306957,-7.99291795879415,"4"
66.2740036885305,-15.4740130078482,"4"
46.5798315213054,-24.4570021283299,"4"
46.5024721060894,-14.7969885972288,"4"
36.2933982871258,-8.05191428110235,"4"
35.6239368620838,-32.2192638499303,"4"
41.7042485816596,-28.9366766152131,"4"
37.9737048376744,-42.9712466000623,"4"
52.5029902707336,-21.1569827966408,"4"
60.7214017444775,-18.8512252435624,"4"
29.8167007663309,-14.205245618707,"4"
46.6553149656584,-22.7191968220028,"4"
35.6893853398622,-21.3092918239645,"4"
37.6239395103632,-30.5368678299717,"4"
40.8960716794817,-17.3631706762751,"4"
61.32785635002,-34.7605835829702,"4"
36.4620423155883,-24.7884850913272,"4"
18.9976947303672,-27.1877559168239,"4"
23.882291363623,-10.1644567561034,"4"
45.0009748592745,-11.6555461778832,"4"
49.9726566419843,-6.07985137919504,"4"
51.9785174172724,-28.5402189305412,"4"
46.625594815999,-11.8780384489303,"4"
28.9816365172659,-19.3942860317551,"4"
56.1264639429332,-21.5984413578576,"4"
42.3233475193715,-4.04210925916056,"4"
57.5882947626151,-41.0450607972207,"4"
61.5254001811106,-36.1923852983409,"4"
43.5228496109305,-29.0370027414814,"4"
39.1132120206818,-35.2120083172424,"4"
38.544607904815,-45.4603590886302,"4"
40.9177627044809,-29.5939624726758,"4"
41.2157605034643,-13.4758005593725,"4"
42.384095061061,-17.9363813506613,"4"
38.0438738392079,-38.7657583445077,"4"
35.3983126812909,-35.3576895715348,"4"
34.2556098406266,-19.8235660307565,"4"
59.8402466418941,-15.6223171643175,"4"
49.9795175583728,-28.7610407109933,"4"
68.2563180048779,-23.9462092437178,"4"
40.3906226828888,-31.1906289296026,"4"
26.2196446965209,-15.6708356078623,"4"
20.9715662844206,-10.0079532062104,"4"
38.2653902842171,-10.803901949278,"4"
32.3148594854829,-32.8821426996476,"4"
30.3207656597712,-10.6114822778925,"4"
18.5275288376417,-18.31813139803,"4"
46.9670267399774,-9.11121315806742,"4"
52.2847683210926,-20.8698578811985,"4"
46.3573460396969,-18.4014010363734,"4"
32.941848255351,-20.9146907427173,"4"
29.1356535450703,-25.3881485902949,"4"
29.6304565235728,-31.4878348378299,"4"
46.6749695530479,-29.9030235437451,"4"
36.3133916569904,-27.3222247709067,"4"
48.4119672735186,-15.8096804257082,"4"
45.4282287415684,-8.92901532857332,"4"
47.7133974548818,-5.34738652032636,"4"
40.9982234300415,-20.3437824270271,"4"
46.9175951721074,-32.556673856543,"4"
29.9512785441626,-39.9442758066059,"4"
53.1680167341941,-10.6173941606619,"4"
43.6621256899899,-26.3010889007389,"4"
42.213100689128,-41.9860830624712,"4"
34.3052156978805,-33.6057911290171,"4"
62.330376783413,-8.33886404928845,"4"
51.388603145664,-6.76332097668592,"4"
56.0398314586013,-22.1806131060907,"4"
57.8701114660611,-29.5326925140387,"4"
48.6095481151938,-10.8441464333387,"4"
44.9499846045236,-22.136650027405,"4"
49.8259565043329,-6.9872384199836,"4"
49.1200970250309,-0.87117978773875,"4"
38.5313292185849,-31.5776785996831,"4"
29.4653823116954,-18.7286524023389,"4"
36.2263857896841,-15.4263071248346,"4"
58.8717481529763,-17.2145138693681,"4"
51.9410456300806,-27.0201560709539,"4"
44.283872538094,-23.0840901868055,"4"
48.3600336131729,-24.0947974367816,"4"
38.8891384734908,-32.2837561386456,"4"
58.6345073203026,-11.2290152768762,"4"
30.63350855494,-13.6860980602416,"4"
26.9508233011421,-19.7577624706479,"4"
51.5682307369126,-25.8541012847987,"4"
61.9236285953541,-22.8773396267799,"4"
39.9599318997138,-22.8799743765672,"4"
37.8784468715418,-31.9468107646026,"4"
52.375080097846,-21.7419168278491,"4"
47.7743607110056,-6.00076615826622,"4"
50.4506563454629,-11.9501031045437,"4"
49.6928558979453,-17.1758305226236,"4"
59.5798149147664,-24.5943497852776,"4"
31.2312408611778,-24.2889635332115,"4"
47.030268510593,-7.56684037783035,"4"
